{
  "checkpoint_metadata": {
    "best_epoch": 0,
    "city": "beijing",
    "eta0": 0.0001,
    "lambda": 100000.0,
    "metric_update_mode": "Full",
    "schema_version": 1,
    "selection_loss": 0.09352277835856151,
    "selection_metric": "RelativeRegret",
    "solver": "ProjectedSubgradient",
    "train_variant": "all",
    "validation_variant": "time_dev_20090513_excl_previous"
  },
  "checkpoint_path": "/tmp/edge-weight-convergence-study/runs/controls/baseline_full_q1/model_checkpoint.json",
  "city": "beijing",
  "evaluation": {
    "contains_unseen_train_edge": {
      "epsilon_optimal_rates": {
        "0_percent": 0.21951219512195122,
        "10_percent": 0.6341463414634146,
        "1_percent": 0.32926829268292684,
        "5_percent": 0.45121951219512196
      },
      "exact_match_rate": 0.21951219512195122,
      "mean_edge_f1": 0.5809301276825598,
      "mean_edge_jaccard": 0.4874570107802826,
      "mean_edge_precision": 0.5969705210284588,
      "mean_edge_recall": 0.5742722787544369,
      "pearson_relative_regret_vs_one_minus_f1": 0.5192679604311042,
      "raw_regret": {
        "mean": 1426072.3536585367,
        "median": 449404.0,
        "p75": 1318115.5,
        "p90": 3665204.6000000024,
        "p95": 6486873.650000003
      },
      "relative_regret": {
        "aggregate": 0.14689435942722057,
        "mean": 0.10011877416623824,
        "median": 0.05972891487817613,
        "p90": 0.22431846993503288
      },
      "sample_count": 82,
      "zero_regret_but_nonexact_rate": 0.0
    },
    "length_quartiles": [
      {
        "lower_length_exclusive": null,
        "observed_max_length": 15,
        "observed_min_length": 3,
        "quartile": 1,
        "summary": {
          "epsilon_optimal_rates": {
            "0_percent": 0.7225093984962406,
            "10_percent": 0.9175281954887218,
            "1_percent": 0.8021616541353384,
            "5_percent": 0.8836936090225563
          },
          "exact_match_rate": 0.7220394736842105,
          "mean_edge_f1": 0.8397424741491442,
          "mean_edge_jaccard": 0.8071113182194635,
          "mean_edge_precision": 0.8430476203331657,
          "mean_edge_recall": 0.8404846178518632,
          "pearson_relative_regret_vs_one_minus_f1": 0.5387735637212068,
          "raw_regret": {
            "mean": 65529.08905075188,
            "median": 0.0,
            "p75": 3395.25,
            "p90": 148450.5,
            "p95": 442177.25
          },
          "relative_regret": {
            "aggregate": 0.030419811580087133,
            "mean": 0.028995043567976025,
            "median": 0.0,
            "p90": 0.06987021505096994
          },
          "sample_count": 4256,
          "zero_regret_but_nonexact_rate": 0.00046992481203007516
        },
        "upper_length_inclusive": 15.0
      },
      {
        "lower_length_exclusive": 15.0,
        "observed_max_length": 27,
        "observed_min_length": 16,
        "quartile": 2,
        "summary": {
          "epsilon_optimal_rates": {
            "0_percent": 0.4127332601536773,
            "10_percent": 0.8218990120746432,
            "1_percent": 0.5768386388583974,
            "5_percent": 0.7329857299670691
          },
          "exact_match_rate": 0.4124588364434687,
          "mean_edge_f1": 0.6834349701599531,
          "mean_edge_jaccard": 0.615705920068775,
          "mean_edge_precision": 0.6914740890888824,
          "mean_edge_recall": 0.6831559877026849,
          "pearson_relative_regret_vs_one_minus_f1": 0.5126443418109667,
          "raw_regret": {
            "mean": 235112.08809001098,
            "median": 12871.0,
            "p75": 234541.5,
            "p90": 760915.5000000002,
            "p95": 1237963.5499999996
          },
          "relative_regret": {
            "aggregate": 0.05450657559013466,
            "mean": 0.052913164246928227,
            "median": 0.003399650429861196,
            "p90": 0.17773697578514255
          },
          "sample_count": 3644,
          "zero_regret_but_nonexact_rate": 0.00027442371020856203
        },
        "upper_length_inclusive": 27.0
      },
      {
        "lower_length_exclusive": 27.0,
        "observed_max_length": 47,
        "observed_min_length": 28,
        "quartile": 3,
        "summary": {
          "epsilon_optimal_rates": {
            "0_percent": 0.19513393954288524,
            "10_percent": 0.744408945686901,
            "1_percent": 0.3502088965347751,
            "5_percent": 0.5777832391250921
          },
          "exact_match_rate": 0.19513393954288524,
          "mean_edge_f1": 0.5173171087421389,
          "mean_edge_jaccard": 0.4308384894867121,
          "mean_edge_precision": 0.5240154342270741,
          "mean_edge_recall": 0.5194236182199605,
          "pearson_relative_regret_vs_one_minus_f1": 0.4905535407278922,
          "raw_regret": {
            "mean": 581048.9053821578,
            "median": 241030.0,
            "p75": 760957.0,
            "p90": 1597213.8000000003,
            "p95": 2277146.1999999993
          },
          "relative_regret": {
            "aggregate": 0.07601207676863865,
            "mean": 0.07321335324198788,
            "median": 0.03447323581849506,
            "p90": 0.19514511010401742
          },
          "sample_count": 4069,
          "zero_regret_but_nonexact_rate": 0.0
        },
        "upper_length_inclusive": 47.0
      },
      {
        "lower_length_exclusive": 47.0,
        "observed_max_length": 226,
        "observed_min_length": 48,
        "quartile": 4,
        "summary": {
          "epsilon_optimal_rates": {
            "0_percent": 0.05594956658786446,
            "10_percent": 0.5954820068295246,
            "1_percent": 0.1389545573942737,
            "5_percent": 0.36275282374573153
          },
          "exact_match_rate": 0.05594956658786446,
          "mean_edge_f1": 0.3391003999268014,
          "mean_edge_jaccard": 0.25193727696250784,
          "mean_edge_precision": 0.34796948915469156,
          "mean_edge_recall": 0.3384944468880257,
          "pearson_relative_regret_vs_one_minus_f1": 0.4346856653690998,
          "raw_regret": {
            "mean": 1813515.4967165748,
            "median": 1048251.0,
            "p75": 2251777.0,
            "p90": 4162764.6000000006,
            "p95": 5894056.799999997
          },
          "relative_regret": {
            "aggregate": 0.12119708365547416,
            "mean": 0.11176602037648349,
            "median": 0.07695239449095945,
            "p90": 0.25053773477673114
          },
          "sample_count": 3807,
          "zero_regret_but_nonexact_rate": 0.0
        },
        "upper_length_inclusive": null
      }
    ],
    "overall": {
      "epsilon_optimal_rates": {
        "0_percent": 0.35408215010141986,
        "10_percent": 0.7730730223123732,
        "1_percent": 0.47350405679513186,
        "5_percent": 0.6442697768762677
      },
      "exact_match_rate": 0.3538919878296146,
      "mean_edge_f1": 0.5996640174464167,
      "mean_edge_jaccard": 0.5318778632220047,
      "mean_edge_precision": 0.6062804830032753,
      "mean_edge_recall": 0.6001968822645695,
      "pearson_relative_regret_vs_one_minus_f1": 0.5411668374733131,
      "raw_regret": {
        "mean": 659481.6014198783,
        "median": 74079.0,
        "p75": 697738.0,
        "p90": 1848752.0,
        "p95": 2910899.75
      },
      "relative_regret": {
        "aggregate": 0.0921065200275257,
        "mean": 0.06589863399188857,
        "median": 0.014367013744685265,
        "p90": 0.1949984205404598
      },
      "sample_count": 15776,
      "zero_regret_but_nonexact_rate": 0.00019016227180527383
    },
    "route_length_quartile_cutoffs": [
      15.0,
      27.0,
      47.0
    ],
    "seen_only": {
      "epsilon_optimal_rates": {
        "0_percent": 0.3547852682553842,
        "10_percent": 0.7737989040397604,
        "1_percent": 0.4742576780935389,
        "5_percent": 0.6452784503631961
      },