{
  "checkpoint_metadata": {
    "best_epoch": 19,
    "city": "beijing",
    "eta0": 0.0001,
    "lambda": 100000.0,
    "metric_update_mode": "Full",
    "schema_version": 1,
    "selection_loss": 0.06826350093515333,
    "selection_metric": "RelativeRegret",
    "solver": "ProjectedSubgradient",
    "train_variant": "all",
    "validation_variant": "time_dev_20090513_excl_previous"
  },
  "checkpoint_path": "/tmp/edge-weight-convergence-study/runs/controls/control_full_eta1e4_t20/model_checkpoint.json",
  "city": "beijing",
  "evaluation": {
    "contains_unseen_train_edge": {
      "epsilon_optimal_rates": {
        "0_percent": 0.18292682926829268,
        "10_percent": 0.6585365853658537,
        "1_percent": 0.32926829268292684,
        "5_percent": 0.524390243902439
      },
      "exact_match_rate": 0.18292682926829268,
      "mean_edge_f1": 0.5595489895870861,
      "mean_edge_jaccard": 0.46543769663570944,
      "mean_edge_precision": 0.579113463416713,
      "mean_edge_recall": 0.5478014665943048,
      "pearson_relative_regret_vs_one_minus_f1": 0.5254127283958886,
      "raw_regret": {
        "mean": 1228062.6707317072,
        "median": 349329.5,
        "p75": 1117158.25,
        "p90": 3509116.400000005,
        "p95": 5125561.3
      },
      "relative_regret": {
        "aggregate": 0.1337214107869951,
        "mean": 0.09480814063260841,
        "median": 0.04317611681731389,
        "p90": 0.2289000803840288
      },
      "sample_count": 82,
      "zero_regret_but_nonexact_rate": 0.0
    },
    "length_quartiles": [
      {
        "lower_length_exclusive": null,
        "observed_max_length": 15,
        "observed_min_length": 3,
        "quartile": 1,
        "summary": {
          "epsilon_optimal_rates": {
            "0_percent": 0.7218045112781954,
            "10_percent": 0.9224624060150376,
            "1_percent": 0.824953007518797,
            "5_percent": 0.8921522556390977
          },
          "exact_match_rate": 0.7218045112781954,
          "mean_edge_f1": 0.8434922293659599,
          "mean_edge_jaccard": 0.8107385729026748,
          "mean_edge_precision": 0.846718382542144,
          "mean_edge_recall": 0.8443462532924467,
          "pearson_relative_regret_vs_one_minus_f1": 0.5251695052088774,
          "raw_regret": {
            "mean": 58851.920112781954,
            "median": 0.0,
            "p75": 1630.75,
            "p90": 132422.5,
            "p95": 407473.0
          },
          "relative_regret": {
            "aggregate": 0.028882204513296855,
            "mean": 0.02740806555089477,
            "median": 0.0,
            "p90": 0.060727261973033936
          },
          "sample_count": 4256,
          "zero_regret_but_nonexact_rate": 0.0
        },
        "upper_length_inclusive": 15.0
      },
      {
        "lower_length_exclusive": 15.0,
        "observed_max_length": 27,
        "observed_min_length": 16,
        "quartile": 2,
        "summary": {
          "epsilon_optimal_rates": {
            "0_percent": 0.4097145993413831,
            "10_percent": 0.8493413830954994,
            "1_percent": 0.6166300768386389,
            "5_percent": 0.7790889132821076
          },
          "exact_match_rate": 0.4097145993413831,
          "mean_edge_f1": 0.7065186524609334,
          "mean_edge_jaccard": 0.6350216179336745,
          "mean_edge_precision": 0.7175578209509564,
          "mean_edge_recall": 0.703612837860361,
          "pearson_relative_regret_vs_one_minus_f1": 0.4893132539209274,
          "raw_regret": {
            "mean": 187288.57656421515,
            "median": 8133.5,
            "p75": 146007.75,
            "p90": 590118.2000000005,
            "p95": 1004117.6999999997
          },
          "relative_regret": {
            "aggregate": 0.04642312019583984,
            "mean": 0.046366678716049305,
            "median": 0.0021819818190013294,
            "p90": 0.15511333579046
          },
          "sample_count": 3644,
          "zero_regret_but_nonexact_rate": 0.0
        },
        "upper_length_inclusive": 27.0
      },
      {
        "lower_length_exclusive": 27.0,
        "observed_max_length": 47,
        "observed_min_length": 28,
        "quartile": 3,
        "summary": {
          "epsilon_optimal_rates": {
            "0_percent": 0.21209142295404276,
            "10_percent": 0.8232981076431556,
            "1_percent": 0.45736053084295897,
            "5_percent": 0.7043499631359056
          },
          "exact_match_rate": 0.21209142295404276,
          "mean_edge_f1": 0.6115877165851427,
          "mean_edge_jaccard": 0.5160345628333021,
          "mean_edge_precision": 0.628354415720322,
          "mean_edge_recall": 0.6051013949965557,
          "pearson_relative_regret_vs_one_minus_f1": 0.4761451722216157,
          "raw_regret": {
            "mean": 374735.7613664291,
            "median": 89018.0,
            "p75": 435968.0,
            "p90": 1076931.4,
            "p95": 1723824.3999999992
          },
          "relative_regret": {
            "aggregate": 0.053754193195054784,
            "mean": 0.054494963680074254,
            "median": 0.014068636232623584,
            "p90": 0.1579595969750234
          },
          "sample_count": 4069,
          "zero_regret_but_nonexact_rate": 0.0
        },
        "upper_length_inclusive": 47.0
      },
      {
        "lower_length_exclusive": 47.0,
        "observed_max_length": 226,
        "observed_min_length": 48,
        "quartile": 4,
        "summary": {
          "epsilon_optimal_rates": {
            "0_percent": 0.0504334121355398,
            "10_percent": 0.7428421329130549,
            "1_percent": 0.2797478329393223,
            "5_percent": 0.5684265826109798
          },
          "exact_match_rate": 0.0504334121355398,
          "mean_edge_f1": 0.47263354602283136,
          "mean_edge_jaccard": 0.3628800251208574,
          "mean_edge_precision": 0.5034211263778655,
          "mean_edge_recall": 0.45503673810551465,
          "pearson_relative_regret_vs_one_minus_f1": 0.4611952064040829,
          "raw_regret": {
            "mean": 1169231.0475439979,
            "median": 450657.0,
            "p75": 1328631.5,
            "p90": 2701983.8000000007,
            "p95": 4492946.399999999
          },
          "relative_regret": {
            "aggregate": 0.0872721020281853,
            "mean": 0.08058309354833931,
            "median": 0.03730674471092863,
            "p90": 0.2038297927349999
          },
          "sample_count": 3807,
          "zero_regret_but_nonexact_rate": 0.0
        },
        "upper_length_inclusive": null
      }
    ],
    "overall": {
      "epsilon_optimal_rates": {
        "0_percent": 0.356237322515213,
        "10_percent": 0.8366506085192698,
        "1_percent": 0.5504563894523327,
        "5_percent": 0.7394776876267748
      },
      "exact_match_rate": 0.356237322515213,
      "mean_edge_f1": 0.662545843448466,
      "mean_edge_jaccard": 0.5860643403795597,
      "mean_edge_precision": 0.6777201116462455,
      "mean_edge_recall": 0.6561856790938444,
      "pearson_relative_regret_vs_one_minus_f1": 0.5076178792028475,
      "raw_regret": {
        "mean": 437944.71069979714,
        "median": 28026.0,
        "p75": 371760.75,
        "p90": 1184489.5,
        "p95": 1991968.75
      },
      "relative_regret": {
        "aggregate": 0.06724488372173816,
        "mean": 0.05160552412389975,
        "median": 0.005380259697804372,
        "p90": 0.15844844484551626
      },
      "sample_count": 15776,
      "zero_regret_but_nonexact_rate": 0.0
    },
    "route_length_quartile_cutoffs": [
      15.0,
      27.0,
      47.0
    ],
    "seen_only": {
      "epsilon_optimal_rates": {
        "0_percent": 0.35714285714285715,
        "10_percent": 0.8375812412386899,
        "1_percent": 0.5516120810500829,
        "5_percent": 0.7406015037593985
      },
      "exact_match_rate": 0.35714285714285715,