{
  "checkpoint_metadata": {
    "best_epoch": 99,
    "city": "beijing",
    "eta0": 0.0003,
    "lambda": 100000.0,
    "metric_update_mode": "Full",
    "schema_version": 1,
    "selection_loss": 0.06348409082193338,
    "selection_metric": "RelativeRegret",
    "solver": "ProjectedSubgradient",
    "train_variant": "all",
    "validation_variant": "time_dev_20090513_excl_previous"
  },
  "checkpoint_path": "/tmp/edge-weight-convergence-study/runs/convergence_full/conv_full_eta3e4/model_checkpoint.json",
  "city": "beijing",
  "evaluation": {
    "contains_unseen_train_edge": {
      "epsilon_optimal_rates": {
        "0_percent": 0.2073170731707317,
        "10_percent": 0.6707317073170732,
        "1_percent": 0.35365853658536583,
        "5_percent": 0.45121951219512196
      },
      "exact_match_rate": 0.2073170731707317,
      "mean_edge_f1": 0.5926237980108189,
      "mean_edge_jaccard": 0.5046781559070919,
      "mean_edge_precision": 0.603651840036926,
      "mean_edge_recall": 0.588924113359349,
      "pearson_relative_regret_vs_one_minus_f1": 0.6112796701076835,
      "raw_regret": {
        "mean": 1094319.768292683,
        "median": 327126.0,
        "p75": 1008869.5,
        "p90": 2540085.100000002,
        "p95": 6603964.000000006
      },
      "relative_regret": {
        "aggregate": 0.1329120939477137,
        "mean": 0.09767805110587206,
        "median": 0.05706523743097412,
        "p90": 0.23590943540051174
      },
      "sample_count": 82,
      "zero_regret_but_nonexact_rate": 0.0
    },
    "length_quartiles": [
      {
        "lower_length_exclusive": null,
        "observed_max_length": 15,
        "observed_min_length": 3,
        "quartile": 1,
        "summary": {
          "epsilon_optimal_rates": {
            "0_percent": 0.7281484962406015,
            "10_percent": 0.9222274436090225,
            "1_percent": 0.8362312030075187,
            "5_percent": 0.8945018796992481
          },
          "exact_match_rate": 0.7281484962406015,
          "mean_edge_f1": 0.8511407460979595,
          "mean_edge_jaccard": 0.8180311389467513,
          "mean_edge_precision": 0.8545866946344381,
          "mean_edge_recall": 0.8518014886377194,
          "pearson_relative_regret_vs_one_minus_f1": 0.5279186058954218,
          "raw_regret": {
            "mean": 49147.362781954886,
            "median": 0.0,
            "p75": 656.25,
            "p90": 112116.0,
            "p95": 333329.75
          },
          "relative_regret": {
            "aggregate": 0.028324254781397617,
            "mean": 0.026608089582678632,
            "median": 0.0,
            "p90": 0.05659252326808998
          },
          "sample_count": 4256,
          "zero_regret_but_nonexact_rate": 0.0
        },
        "upper_length_inclusive": 15.0
      },
      {
        "lower_length_exclusive": 15.0,
        "observed_max_length": 27,
        "observed_min_length": 16,
        "quartile": 2,
        "summary": {
          "epsilon_optimal_rates": {
            "0_percent": 0.429198682766191,
            "10_percent": 0.8614160263446762,
            "1_percent": 0.6298024149286499,
            "5_percent": 0.7845773874862788
          },
          "exact_match_rate": 0.429198682766191,
          "mean_edge_f1": 0.7213107144713382,
          "mean_edge_jaccard": 0.6514482299328433,
          "mean_edge_precision": 0.7303392571740344,
          "mean_edge_recall": 0.7207943792496049,
          "pearson_relative_regret_vs_one_minus_f1": 0.49105709348373855,
          "raw_regret": {
            "mean": 151435.7335345774,
            "median": 3802.0,
            "p75": 109927.5,
            "p90": 448144.8000000003,
            "p95": 810574.0499999996
          },
          "relative_regret": {
            "aggregate": 0.04425003487277876,
            "mean": 0.04366635263969131,
            "median": 0.0011271071529262498,
            "p90": 0.14304829017319193
          },
          "sample_count": 3644,
          "zero_regret_but_nonexact_rate": 0.0
        },
        "upper_length_inclusive": 27.0
      },
      {
        "lower_length_exclusive": 27.0,
        "observed_max_length": 47,
        "observed_min_length": 28,
        "quartile": 3,
        "summary": {
          "epsilon_optimal_rates": {
            "0_percent": 0.2386335709019415,
            "10_percent": 0.8412386335709019,
            "1_percent": 0.5020889653477513,
            "5_percent": 0.7272057016465963
          },
          "exact_match_rate": 0.2386335709019415,
          "mean_edge_f1": 0.6437800548719024,
          "mean_edge_jaccard": 0.5526500836006218,
          "mean_edge_precision": 0.655972878261477,
          "mean_edge_recall": 0.6406780062059093,
          "pearson_relative_regret_vs_one_minus_f1": 0.47378809118279785,
          "raw_regret": {
            "mean": 290771.65544359793,
            "median": 53853.0,
            "p75": 316584.0,
            "p90": 866726.0000000003,
            "p95": 1341874.4
          },
          "relative_regret": {
            "aggregate": 0.04921899050336038,
            "mean": 0.04995748893707527,
            "median": 0.009696530446928659,
            "p90": 0.1503967382721202
          },
          "sample_count": 4069,
          "zero_regret_but_nonexact_rate": 0.0
        },
        "upper_length_inclusive": 47.0
      },
      {
        "lower_length_exclusive": 47.0,
        "observed_max_length": 226,
        "observed_min_length": 48,
        "quartile": 4,
        "summary": {
          "epsilon_optimal_rates": {
            "0_percent": 0.07959022852639874,
            "10_percent": 0.7675334909377463,
            "1_percent": 0.3044391909640137,
            "5_percent": 0.5923299185710533
          },
          "exact_match_rate": 0.07959022852639874,
          "mean_edge_f1": 0.513828209777402,
          "mean_edge_jaccard": 0.40732624994413674,
          "mean_edge_precision": 0.5367022844434999,
          "mean_edge_recall": 0.5029518086782859,
          "pearson_relative_regret_vs_one_minus_f1": 0.458649412110446,
          "raw_regret": {
            "mean": 928766.6354084581,
            "median": 344506.0,
            "p75": 1018870.0,
            "p90": 2145800.8000000003,
            "p95": 3579286.2999999984
          },
          "relative_regret": {
            "aggregate": 0.08224463736287589,
            "mean": 0.07539305288648711,
            "median": 0.03325668931622069,
            "p90": 0.19033789358950418
          },
          "sample_count": 3807,
          "zero_regret_but_nonexact_rate": 0.0
        },
        "upper_length_inclusive": null
      }
    ],
    "overall": {
      "epsilon_optimal_rates": {
        "0_percent": 0.3763311359026369,
        "10_percent": 0.8499619675456389,
        "1_percent": 0.5740365111561866,
        "5_percent": 0.7530425963488844
      },
      "exact_match_rate": 0.3763311359026369,
      "mean_edge_f1": 0.6862700492407932,
      "mean_edge_jaccard": 0.6119955692787088,
      "mean_edge_precision": 0.6979498265738286,
      "mean_edge_recall": 0.6829042974466146,
      "pearson_relative_regret_vs_one_minus_f1": 0.5047740507244266,
      "raw_regret": {
        "mean": 347361.01901622716,
        "median": 16971.5,
        "p75": 282708.0,
        "p90": 934471.0,
        "p95": 1557436.0
      },
      "relative_regret": {
        "aggregate": 0.06307109742951983,
        "mean": 0.048343217108692424,
        "median": 0.003634937030901197,
        "p90": 0.14751936805542287
      },
      "sample_count": 15776,
      "zero_regret_but_nonexact_rate": 0.0
    },
    "route_length_quartile_cutoffs": [
      15.0,
      27.0,
      47.0
    ],
    "seen_only": {
      "epsilon_optimal_rates": {
        "0_percent": 0.3772142219956671,
        "10_percent": 0.8508984325219829,
        "1_percent": 0.575187969924812,
        "5_percent": 0.7546195998470753
      },
      "exact_match_rate": 0.3772142219956671,